{"cameraMode":{"drawMode":0,"name":"Shaded","section":"Shading Mode"},"sceneLighting":true,"audioPlay":false,"sceneViewState":{"showFog":true,"showMaterialUpdate":false,"showSkybox":true,"showFlares":true,"showImageEffects":true,"showParticleSystems":true},"in2DMode":false,"pivot":{"x":3.244577169418335,"y":145.00514221191407,"z":-84.90567779541016},"rotation":{"x":-0.1543206423521042,"y":0.7509036064147949,"z":-0.18880151212215424,"w":-0.6137450933456421},"size":2.502422332763672,"orthographic":false}